UMAP1,UMAP2,Barcode,Tissue
7.03407474421601,2.64483620614887,GAGTGAGCAGGCACAA-6,Fat
5.2916624461558,1.5338534108924,AGCTGTAAGTCGGGAT-2,Colon
6.94955568792118,-1.65693250980699,GCCTAGGTCATCGCCT-3,Spleen
0.236374042251745,3.19177156964936,CCACAGGTCGCTGATA-4,Colon
-0.4476156656569,-3.96360087049561,AACTTGGAGAAACGCC-4,Colon
-4.65210730729091,-0.46848297492606,TGAGTCACAAGTGGCA-8,Spleen
-2.45878259219323,-4.92747558309395,TGCTTTACAGGTTATC-4,Colon
-0.321240714577447,2.69718191689172,ATAGTCGAGTACAACA-4,Colon
5.85715267735991,-2.25466609994273,GCGTTGGAGCGTATCT-6,Fat
-3.29167746039316,6.29184710247377,TTCATTGCAAGACACG-1,Spleen
3.66083443532883,-2.50095826776888,GCTGTTCGTTTAAGCC-6,Fat
0.207842873354629,-1.68632733937454,GTCACTCAGCTCCGGT-11,Fat
1.79722884513348,-4.14804461971906,TAAACCGTCTCCTTGG-6,Fat
-5.68441211428127,-1.90859458610339,CAGTGCGAGTCCGATT-4,Colon
1.76091550161316,0.477899133447732,GTACTTTTCCATGTTT-10,Skin
0.77357014773437,-4.75959987085885,AATACGCAGTCACGCC-2,Colon
9.29142276349043,1.73849696270286,CCTAAAGGTCATTGGT-3,Spleen
9.4673621524444,0.076513386518796,ATTTGTCAGAGGAACA-3,Spleen
8.95564761022294,0.274906359104198,CCTAAAGTCACATCCC-3,Spleen
-2.21330127784602,7.49484457105774,GTTATTCAGAAGAGTG-1,Spleen
-1.86528174788647,-4.21638138255058,CTTAATCAGCCTTTGA-4,Colon
-2.04061861986027,4.27963323772515,TAACGGTAGACTAGGC-1,Spleen
5.9003009417481,-0.627243753257949,ATCGAGTGTATTGTCG-12,Fat
1.12468009612715,-3.75977371030308,TTACGTTGTGCACATT-11,Fat
-6.80032799883489,1.90189177567371,GTGCCAGAGGCCTCTG-8,Spleen
-3.69322742375058,-4.2505074305772,ATGCATGTCCCAATGA-4,Colon
2.03969224487872,-3.21758208583048,GAACGTTAGGCGACTA-6,Fat
-1.53023050692071,6.93736191760255,GAAGTGGAGTAGTTCC-1,Spleen
4.34542137833518,0.696726529190286,TAGCCCTTCGAGGTCC-2,Colon
7.91939565134153,0.701795064799881,TTTGGCCAGGCGACTA-3,Spleen
-4.63850880637377,-1.2144871171376,TGGGTTAGTATGAAGT-13,Spleen
-4.33499988475357,1.0255653341101,CCAGAATAGGGAGTTC-3,Spleen
4.10832346478216,1.96947389022024,CACCTGTAGAAGCCGT-2,Colon
0.36949533881714,-2.42227855165813,GGGTGTCGTTGCAGAG-11,Fat
7.10264612281095,0.389971036290358,TAGACTGCAAGCGAAC-6,Fat
-4.83455831030489,0.232699079914359,GTGTCCTTCCAAGTCA-13,Spleen
8.91909189723545,0.847764464577351,AGCCTCTCATTAAGGA-3,Spleen
0.420884857681373,-5.54972877771777,GAACCGCAGTACAGTA-4,Colon
0.56966426570662,-5.83715484466181,CTCTAGCGTGCCCTAG-4,Colon
-2.74573710500541,4.95876173259336,CAGGATTAGCGGACTA-1,Spleen
0.60992127264528,2.70558555228071,TTTGGCCTCTTCCACG-4,Colon
3.57863664016653,-4.34386124804568,TAGTCCCCACGCTGTG-5,Fat
-3.69080174995973,-4.6043317307203,TATGTTCGTCACAGTT-4,Colon
-4.67248127521453,6.09274007463109,GCTCCTACATACTGCA-1,Spleen
-0.481725921676724,-5.74087194163591,CACTAAGAGACAACGC-4,Colon
-4.2214678398445,-1.37168559378682,GGGACCTTCGGAAAGC-13,Spleen
-6.42612292157386,0.557555738741411,GTGCACGAGGTACTCT-13,Spleen
-0.946082620767918,3.12286476392238,TGGGTTAAGATCGAGC-4,Colon
-2.62583688927488,-0.609294825942015,TTACTCATCAGTGTGT-11,Fat
3.55839530081061,-4.31584448843419,TGCACCTAGAAAGGGT-6,Fat
3.12557918214589,-2.90226646540595,TTGAGCACACCGTCTT-6,Fat
5.78382641513756,-2.36406486928529,TACGCAACAAGCTTTG-6,Fat
-5.90387728297024,-2.0057779176336,ACGTGGCGTCTCGGGT-11,Fat
6.52816551682796,1.99887623424516,CTCGCTATCAGAACGG-6,Fat
7.14237941681148,2.0292560805217,ACCGCAGTCGCCAGAC-6,Fat
-1.93292030656435,-1.49671527346137,ACAGGCCGTCCGTAGC-5,Fat
8.73596324678659,0.325933104475069,TCCGACTTCCAAACCA-3,Spleen
-5.70799272926208,1.33663209363968,GGGTTATAGTCGAGCA-8,Spleen
0.540002966016554,-2.11941113927796,TGCATGAGTGGTCGAA-11,Fat
9.80666079733101,-0.275911675951629,GAACGTTAGGTGAACC-3,Spleen
7.01290535069928,-1.29352144974718,GCCCGAACAGACCTGC-3,Spleen
-6.77523240053998,2.63215131116778,TATGTTCGTAATGCCT-8,Spleen
-0.645159868503879,3.23644184103754,AGTCCGGGTTGAATAG-4,Colon
-5.94283538589392,-2.37472337257491,GAAGTCTGTTTCACCC-13,Spleen
-6.34856837804301,3.42244039594056,CAACGGCTCCCGAAGC-8,Spleen
-2.10566805793518,6.40786017514712,CACGTTCCACTGTAAC-1,Spleen
-1.50464822490035,6.17633194210191,ATCGAGTGTCATTGCA-1,Spleen
9.01210918986854,0.438906218015719,AGATAGACATCGGCCA-3,Spleen
-5.16737720723215,-2.21989169844413,CTGTTCGTCACGTGTA-4,Colon
4.10010077861513,-0.936699556070469,ACATGGTAGCTGAAAT-2,Colon
7.50028828607095,2.74150691315913,CCCTAGTTCAATTGGC-6,Fat
-0.214852750689966,5.41113904278111,TCAAGACAGCTGAGGT-5,Fat
2.91215851021597,-3.13137081439238,CTTCTAAAGGCAAGGG-6,Fat
-7.55671859398749,0.616243872654941,CTCACCATCTGAACGT-8,Spleen
-0.459571676564682,5.24239830204179,GGTGTCGGTAGTACAA-5,Fat
-4.28122107567503,-1.39888333858162,GTGATCACAATTGGCT-8,Spleen
-2.73298012756229,6.93349097186906,ACTATTCCAGTAACGG-1,Spleen
-0.165784198729508,4.02820633527711,TGTGACATCCCTATTA-4,Colon
9.11368594243151,-0.303191530801046,GGGTTATTCGCACCTT-3,Spleen
-3.77194776410275,-4.70466233179005,CTTGCTGTCACTCGGG-4,Colon
5.32351688921418,-3.35240365798528,CAGTGCGGTCACATTG-2,Colon
-2.62878353418112,6.90956371060793,CCCGTTATCGTTTGAG-1,Spleen
7.5633890361596,0.880803614586977,TAGGAGGTCCTGACCT-12,Fat
-1.85016075947734,-8.72774697179945,CACCTTGTCCGGCTGA-10,Skin
-4.7191991765347,2.57126574389885,GGAGGATCACCGATCG-13,Spleen
-2.80735300257745,5.0529013906617,CCCAGAGTCGATATGC-1,Spleen
-3.11221763386473,-0.132985768170441,AACTTGGAGAAATACC-13,Spleen
9.50278228337021,-0.244582542793454,TTGGTCCTCTTAACGG-3,Spleen
-4.12953883872802,-2.23228253051374,ACTGTCCAGGATTAAC-4,Colon
9.32388333005551,0.227086326270649,TGATCAGCATGTAGAA-3,Spleen
-2.29091716915898,5.17290669572061,GGTAGGAAGGGTAGTC-1,Spleen
-0.272800789545059,5.22465287359201,AAGGTTCGTTTCCGGG-5,Fat
-6.16037124118696,1.60066336316511,CGTTCCAGTTCCCAAA-13,Spleen
0.285257207850118,3.35768675877578,AAAGATGTCGTGGCGT-4,Colon
8.78416000950502,0.029984259185428,CATTCATCACTCAAGT-3,Spleen
-0.9663501717765,3.12958862613489,CATTCATCACTCCTCA-4,Colon
-3.9438194826865,-4.75449673120238,ACATGGTTCCTCCAGT-4,Colon
7.20596399137072,2.59980011541145,AGATTCGTCTTTGCAT-6,Fat
-0.498459986631599,-3.17983237737672,GCAACCGCATACTGCA-5,Fat
-6.66969287859755,-3.83714312512058,CGCACAGCATTACCTT-9,Skin
8.69382858127029,0.206418350060511,GAAGTGGAGATTCCGT-3,Spleen
-7.561095094732,0.798411107660611,GCCATAACACTCCCAT-8,Spleen
-0.659271405674493,-3.50475124839478,GGTGAAGGTTTCGATG-11,Fat
-3.27121403703888,5.65181906997517,TCAAAGCCAATTCTCT-1,Spleen
3.51881422943433,-5.15699272306895,GTTACTTGTGCAACAG-1,Spleen
5.8345220606285,-1.98589200133252,TGGCCTTCATTTGGCA-6,Fat
-6.23405441281365,1.22797651628597,CACAGATAGACGACTG-8,Spleen
7.05787665200632,2.76668258971936,ACCGGGTAGTACAACA-6,Fat
2.82550756233697,-3.96223415327544,TCCAGAATCTCATATC-6,Fat
8.50240741937391,1.27553390952944,TAGCCGGCATGGCCCA-3,Spleen
-1.13882253998914,4.15764656637969,GAGATTCTCTTCCAGC-1,Spleen
5.45202121719478,-0.456653296043188,TCACAGAGTCCGCTTT-2,Colon
-3.17331126944845,-2.76866895150336,TTACGTTAGTTGGAAT-4,Colon
3.63064230482855,-4.97656896462305,GTCACGGCAAGCAACG-1,Spleen
-5.61891732402016,1.86684061249076,TATCTGTCAGGCATCC-13,Spleen
-3.83112162092204,5.39199334892333,GAAGTGGAGAGGTGGG-1,Spleen
2.89948876647607,-3.12436206955137,TACGCAAAGACACTTC-6,Fat
-2.67893586571175,-5.57296044408841,CTTAATCGTGCAAGAC-9,Skin
9.41286950158427,1.81918230812018,AGCCTCTCACCTCGTT-3,Spleen
-2.38733231237517,4.4865354028638,GTCGTAATCGCGTGAC-1,Spleen
-0.189544077155163,5.00638314242746,TGCTTCGCAGTTACAC-5,Fat
4.89335595177717,1.32521014748363,GCGGTGTGTCTGGGAA-2,Colon
-4.6974708579274,-0.302747060339627,TGACAACTCCATATCT-13,Spleen
0.53613003278752,-2.46559172493279,CAGCCTTTCTGATCTT-11,Fat
0.383114335236789,-2.21767213249626,GGAACCCGTTGGCTTA-5,Fat
-6.93416975087607,2.51545063617935,CCTCCCTGTGAGGGTT-13,Spleen
-3.95590605101347,-1.45979202435732,GAAGTCTAGCCCATTA-5,Fat
-5.45312765259037,-2.81860360268405,CTGAATGTCGGTGATT-4,Colon
0.693984071584053,2.77498352794617,AGCCAGCCATTTGGTG-4,Colon
7.11229355087658,1.63595820318642,TTAGCTTCAGTCAGCC-6,Fat
6.89249040814723,1.69802323137896,ATGTTTCGTTCTGAAC-6,Fat
-0.643239733520389,-2.02061423757549,AACGGGAAGCAGTAGC-5,Fat
5.83952431433914,-1.49084198033806,TAGGAGGCAACAAACA-6,Fat
8.30958777377943,0.672086495831175,AGGACGAAGACTAGGC-3,Spleen
-1.62778275637214,5.1774052262549,GTGTCAATCGGCAATT-1,Spleen
-1.41750143664572,-8.5887457665916,GTAGGAGCACTTACAG-10,Skin
6.46702075006405,0.43958133983271,TTTGAGGAGATGGGAA-6,Fat
-1.73027915811566,-7.94435990335658,TAGCCGGCATTCGTCC-9,Skin
0.017218474260065,-5.60477882191992,CTGAATGTCCTTCGAC-4,Colon
-3.90420995416491,-4.83666245676839,CCGTGAGCAACGTCGC-4,Colon
-0.789480939986782,5.9319971886893,ATCGAGTCAATCAGGG-5,Fat
-0.329752464180281,3.96622749691367,CAACGTAGTACGTATC-4,Colon
9.33235584896742,-1.1554353967856,GTACTTTAGGACTTTC-3,Spleen
0.232739045857917,3.56918992367681,CTCACCAAGGGCTCTC-4,Colon
-4.92765431020135,5.87834122320396,GGAGAACAGGCGACTA-1,Spleen
0.46397822191127,-1.61294826128475,TGCACCTTCGCTGATA-11,Fat
1.76289141197398,-0.06271677635805,GAAGAGCGTAGCATGG-11,Fat
8.46540396249052,-1.55366717311737,GGGTTATTCGGTGATT-3,Spleen
-0.727946889280002,-3.65818513735052,AGCCTCTCACGTTGTA-4,Colon
7.12745992418734,2.04010927520712,TGCTCGTGTAATGTAG-6,Fat
-3.94403320049971,6.42735888650145,GCGAGTCGTTGGACGA-1,Spleen
4.57490184985042,1.15760998450343,GGGCCATGTTTCCACC-2,Colon
-0.074152967476197,-5.39906813249921,TGAATCGCAAGCGACA-4,Colon
3.88472976782162,1.25479299806936,GACTAACAGTACAGAT-2,Colon
8.54352681983773,1.46120544484964,AATGCCACAATTGGCT-3,Spleen
-6.63654208791053,3.41731603139174,TTACCGCCAGTTAAAG-13,Spleen
4.20666693869567,1.7625166601964,AACAGTCTCCATAGGT-2,Colon
9.64218544897514,1.18664484266883,TACCTCGCATGCACTA-3,Spleen
8.69079781296837,1.71030263609295,CTTAATCGTTCTTAGG-3,Spleen
-3.84921313447055,-3.98788911998632,TTCGCGTTCGCGTTCT-4,Colon
-1.43473536487027,-5.21973091328379,CTTCTAATCGAACACT-4,Colon
-4.59426933037155,1.44222370383465,GGAGGATGTGCAAAGC-13,Spleen
-4.03228724862563,-1.47832963654566,CACCACTGTCATTGGT-8,Spleen
-4.23064608413089,6.09597765765553,TACATTCTCGCTAGTA-1,Spleen
-2.13374080121602,-0.873851890870488,TGGGTGCAGGAGTACC-11,Fat
-4.27930612476571,0.935231112139805,CTAGGATCATTACACG-13,Spleen
-4.03789848672457,-0.584937215630359,ATCCAGATCTATTTCG-13,Spleen
-4.23883561859592,-2.75999751604281,TTGCGAAAGCCTATAC-4,Colon
-5.36230277613682,-3.18869050496467,CCTTGCAAGTCAGCCC-5,Fat
-4.82349892533188,-1.25634086756356,GTGCCAGCAGGTAGGT-13,Spleen
-3.94116898074939,-0.732309192353286,TTCTGTACAGAGCCAA-8,Spleen
-6.18550343125977,1.94673602138289,TTACCGCTCAAGGCAG-13,Spleen
1.93041369505466,0.199691166080149,ATGCATGAGTATCTGC-2,Colon
-3.16592496869861,-3.85636219337809,GTGTCAAGTGGTCGAA-4,Colon
-5.23619837026446,0.461113849078902,CTTGTCGAGACTTCCA-1,Spleen
1.49458839886932,-2.37231474030446,TAATTCCTCGCTTGAA-11,Fat
7.40252638766153,2.18814855513795,ACTATTCGTATCTAGC-6,Fat
8.94230130741742,2.4182327311132,ACAATCGCAGATACAA-3,Spleen
-5.6838592591534,3.26424446021118,ACTAGGTCATCGCCTT-8,Spleen
-4.08582642721867,-0.100671156461451,GAACTTGGTCAATCCA-8,Spleen
9.21266089713012,-0.434630295374044,CCTTGCACACTCGGAC-3,Spleen
7.96649936033265,-0.165958834151021,TTGAGTGCACCACAGC-3,Spleen
7.93226397846718,1.05575634678396,TAGCACAGTTTGGATC-3,Spleen
-6.66568716331652,-0.371885576157403,ATATTCCTCTACTTTG-13,Spleen
-1.86247242490712,-8.30737799921746,AAACTCGCAGAACAGC-9,Skin
1.71190827142299,-4.06029722543735,TTGTTCAGTGCATTCA-6,Fat
-2.1595572636022,-1.30151880476467,CCGTAGGTCAAATGGA-9,Skin
4.25341684707602,2.26495446402457,CCAGAATGTTACACTG-2,Colon
-6.59928117972783,-0.437643790140016,TGATGCAGTCCCTAAA-8,Spleen
-5.10321537364717,-3.21348751665065,ACAGAAATCCGGACTG-11,Fat
-6.10077306946868,3.3137891656124,TTTGCGCAGATGTTGA-8,Spleen
-1.49336999896156,-3.73323769935117,TGTGGCGGTCTGGTCG-4,Colon
-6.70959470653216,1.45315353398284,CACTAAGGTCTGTTGA-8,Spleen
-0.784127724615946,3.11483079848235,TGTACGACATCAGAAA-4,Colon
-6.73977168379913,-3.71574606121712,AACCTGAGTGCCCAGT-9,Skin
-6.29882021799961,-2.98450135124096,AAAGGATCAGTAACCT-9,Skin
-2.79531821409052,6.08032627989927,AGGCGAACACATCATG-1,Spleen
-6.95596010306377,3.0763165714328,AAGGTTCTCCGTCAAA-13,Spleen
3.73006828528299,-4.28782838114126,GCACGGTGTTAGAGAT-6,Fat
-2.62917684882577,-5.22441277955953,CTCCCAACACGCGCAT-4,Colon
-1.79315762416678,4.63733543408221,GCCTAGGAGGCACCTC-1,Spleen
-0.090698089934637,-5.18262599729776,CACAGATTCTGGTACA-4,Colon
0.556941407969204,-5.01958076314444,ATCCTGCAGACTCTTG-2,Colon
-6.49336103455061,1.33889605189579,GTCTACCGTTACTTTC-8,Spleen
-3.31940667778849,7.22479795746595,CGCACAGGTGGTCGAA-1,Spleen
-6.33745517713997,-2.4750742724406,CCTGCTAAGACAGCTG-13,Spleen
-2.02193388657009,6.6257674297115,ACTATTCTCCATGTTT-1,Spleen
-4.0603822353648,-0.563273586213835,GTAGACTTCTCTCAAT-1,Spleen
-4.05057429214769,-4.16608683856624,GAATCTGCACATTGCA-4,Colon
7.05610609804747,2.6730722868555,GTGGCGTGTTACACTG-6,Fat
2.22673145323645,-1.7660409770834,ACAATCGGTTAGAGAT-6,Fat
8.5809240515141,-0.456924777714965,AAAGGATTCCACTAGA-3,Spleen
-4.12064016722895,-4.82432792212022,TTGCAGACACGATATC-4,Colon
-1.55148485252598,-4.75137789557585,GTGTCAAAGCCATTCA-4,Colon
-6.0952865639455,0.501802813513733,CTGCGTTTCTCCCTTT-13,Spleen
-6.69707850236835,2.05731602248888,CATGTTTCACTGCTCT-13,Spleen
-1.45077314260835,6.10965646608737,CCCTAACAGGATTTGA-1,Spleen
-0.000590500237021,-5.74627402968629,TCCATCGCAGAACTTC-4,Colon
-7.15971762254991,2.75699152260023,CTCTCGACATCATCGA-8,Spleen
-5.67336082816512,-2.91908266579096,TGGGTTAGTCTGTCCT-9,Skin
-2.83567823994256,5.44157105327475,ATAGTCGCACGGTTAT-1,Spleen
0.050533609599762,2.52597905995942,GCATTCCTCCGTTTCG-4,Colon
2.83331963129431,-3.88086746983161,CCGCATTAGACACGGT-6,Fat
0.087321502161362,-3.85664381785513,GCCAGACCATACCCGG-2,Colon
-4.17104602043491,-4.00395565304534,AGCCTCTAGATATGTG-4,Colon
-6.36905643524888,0.377361010226219,GTTATTCGTGGAGTGT-13,Spleen
-5.40187619384667,2.8587548717379,TACTAGGAGCAGTAGC-13,Spleen
-0.757015208066519,-1.08307456869076,TTGACGACATAGGCGA-11,Fat
-3.81935795365546,-3.68102263078872,ACAGGCCAGATGGCAC-4,Colon
-3.36625972931327,5.73418135109913,CCCTCTCTCGCTAGTA-1,Spleen
-6.44865322797614,-3.18070893186478,GCGCCAAGTTCCCAAA-9,Skin
0.526902752884511,-4.96552795653044,GCGGTGTCACCTGGTG-2,Colon
-4.26937951992667,0.18126201012906,TCCATCGCAACGAGGT-13,Spleen
6.52470219515852,-1.8194388024012,TACTCGCTCGCGCCAA-3,Spleen
7.76675990455157,0.318287857261483,GTTGGGCAGGTTTCTG-3,Spleen
-3.22599939071309,-0.350705606050568,GAGCGCTTCGATCTTT-5,Fat
-1.32946356730265,5.01963863877471,TTTGTGTAGAGAATTC-1,Spleen
-5.84369225688425,2.72030678596354,ATCCCTGTCCACTAGA-8,Spleen
-3.04231824881067,-0.027457084864996,AGTGCGCAGCAGTAGC-1,Spleen
-1.25337962768379,-8.49638460635263,GTTATTCGTGAAACAT-10,Skin
-6.27270115693738,1.00175957172107,AGCCAGCGTTGTGAGG-13,Spleen
7.14595754630109,-1.81363225349925,CTACTTATCCTCCCAA-3,Spleen
-4.46030294382865,-1.08597249316502,CGTGGCAGTTTCCACC-8,Spleen
-6.53128711154367,-3.8683841482146,CTTGCTGCATTAACGC-9,Skin
0.027248852202427,-0.453476379524348,CTCAGAAAGTGTAATG-11,Fat
-0.695449946462645,-3.98934390903406,TCGAGCGTCCTAAAGC-9,Skin
7.21388827547452,1.4737861143018,GATGGCCCAAGCCTTA-6,Fat
-3.28476873523513,-2.81741871334002,TTTACGTAGCAGGAGG-4,Colon
-5.92403782725263,-1.09588023248327,TCACCACGTATTGTCG-13,Spleen
-6.708807600386,2.53872059182702,GTTATTCTCCCTAAAG-8,Spleen
7.30387752277959,2.36831573694852,TAGGTCAAGTCCCGCA-6,Fat
3.93239872815957,1.53015488404473,GCTCCTATCCTTACGC-2,Colon
4.85985116158975,0.175393411249885,TTGCGGGAGCATTCCA-2,Colon
-6.89966981612262,2.66828290438479,CACCACTTCTGGTACA-13,Spleen
6.689977180266,1.84714246527878,GTGTCAACACATCATG-12,Fat
0.394249990835452,-2.16893167297879,TACCCTGCATAGGCGA-5,Fat
-6.16764397900562,0.757438740210132,GTTATGGTCGTTCAGA-13,Spleen
-6.71766117810047,-3.66198500468141,TTACTCACATGTATCG-9,Skin
4.42022098200501,1.88967879806956,GAATCTGAGAGAGGTA-2,Colon
-3.95199733166959,-1.57431182801723,CAACGGCTCCGAATTG-4,Colon
8.03273815533101,-0.765479824585649,TTTGGTTCAAGCACTT-3,Spleen
-5.73651921431873,3.3865678402985,GCACCTTCATGGCCCA-1,Spleen
-3.81675325986385,-0.984364283653099,ACCATCCTCTGATCTT-11,Fat
-6.87126423290615,-4.26519565353105,ACCTGCTTCAAACCCA-9,Skin
-6.660997128251,0.930806045478321,TTTACGTAGGTAGGAA-8,Spleen
-6.53041489232112,1.59268845545551,ACAGACTAGGCCTAAG-13,Spleen
-5.20779122741513,-0.720086455487509,GCGGTGTCATCTCACC-8,Spleen
0.017472763674246,-5.42576772457388,GAGGATGCACCGATCG-4,Colon
-0.754942064185095,6.06356427304546,TCACAGAAGTAGGAAG-11,Fat
4.26569377826906,1.96149384396492,GTGGCGTAGAACGTCG-2,Colon
-4.25129296620115,-1.05789562785766,GTCTACCCATGGGAAC-13,Spleen
1.97462952735481,-4.02467111066936,GTAGTACAGAAGCCGT-6,Fat
-5.04264787655813,5.9589859074502,CCCTAGTGTCAGCTTA-1,Spleen
-2.39895783975941,4.27966788070412,CAGGATTGTTAACCGT-1,Spleen
-0.296674346677245,5.50952956176821,GCATTCCCACGTACAT-5,Fat
-1.63739250218639,-8.00059022183007,TTGCCCACAGTATACC-9,Skin
-3.53123017558365,-0.066449483838182,CCAGATAAGCTGCCAC-13,Spleen
-2.11585579018889,-1.95549642024222,TGCTCACCACGCTCAG-11,Fat
-2.5027952435153,-2.1593125423746,GAACCTAAGGTTTCTG-4,Colon
6.45420175904367,-1.39725722988645,TAACGGTAGCTATCCA-3,Spleen
9.33804548272188,1.66368323093859,CCTGCTAGTAGCCATT-3,Spleen
4.84779785267795,2.15468935815256,TACCCTGTCCCGAAGC-2,Colon
-2.30098226427549,3.65661569899411,GTTGGGCCATTTAGGC-1,Spleen
-4.91286097274556,0.162102790686671,GAGGATGAGAGTTCGG-8,Spleen
2.56677645629045,-2.71323024648401,GAGACTTTCATCATGG-6,Fat
0.975320850292435,-4.81641448173109,CAACCAAGTTGTGAGG-2,Colon
2.37161456384593,-2.02463184965286,GGTTGCGAGACCCATT-6,Fat
1.9169506243811,0.244703927742118,TTCGATTGTTGGCTAT-2,Colon
10.1377938204036,1.50869313642222,GCCATAAAGTCGACCC-6,Fat
1.4232034272006,-2.38020404886157,TTTGTGTGTCACAGGA-2,Colon
-5.98506437433343,-4.14472304476911,TCGGGACGTAAACGTA-9,Skin
-3.46875445064599,-4.18206537124823,GGGAACAAGTTGAATG-4,Colon
-6.38776697381745,2.96408115109759,TGCTTTATCGACTGGC-8,Spleen
-7.3814867262047,1.94522574231343,CAGTGTACATTACCTT-1,Spleen
-1.78085124690154,-2.93807166919509,GGAACTTGTCACCGCA-4,Colon
0.823072852570505,-5.0924717026678,GAAGTCTCAATTCTCT-2,Colon
-4.04895991512656,-0.691189152955951,ACATGCAGTGTCCTTC-8,Spleen
6.41006796190076,-1.40828714124059,ATGTCGACATTCTTTG-6,Fat
-2.02339647599443,-1.36234866341866,GCTTAAGGTCAGACGA-9,Skin
-1.44996280650113,5.76380076607962,GCAACCGGTGTCCCAG-1,Spleen
9.58833975092156,0.037986474774099,CACCACTAGATGGCAC-3,Spleen
7.24803538563653,3.01365859188573,GAAGTGGAGGCACCTC-6,Fat
5.11954216105406,-3.95623488608819,GACCCAGCATCGCTAA-2,Colon
-1.47649595320503,-7.74131880025708,GTAGTACCAAATTGAG-10,Skin
4.10675147755255,2.16979787240744,ATTGTGGCATGCGTTA-2,Colon
-2.55352821634722,7.52513111012243,CATTCCGAGACAGCTG-1,Spleen
-5.62386863931761,-1.08242186937861,AGGCGAAAGTTGTCCA-8,Spleen
-2.55645705865222,6.05881578287146,CTTTGCGGTTTCGACA-1,Spleen
-1.68376146139219,5.50006629234008,ACAAGCTCACTCGCAG-1,Spleen
-1.76381226530385,-7.37936732084238,GACTAGTCACTTACAG-9,Skin
9.93674913838794,-0.359357689104186,CGGACTGGTTGGCGAA-3,Spleen
0.466559288369364,-3.09635965222701,TGTAAGCTCTGGCTAA-13,Spleen
7.45348462678848,1.75676589318675,CTCAGAATCCAGGTCG-6,Fat
-7.01316275590707,3.3873357701894,AATGGAAGTGTCGTCG-13,Spleen
7.66854597490742,-1.25413245591523,GGATAGGCAATTCAGC-3,Spleen
-6.08991100844121,-4.09978489672668,CTAACTTCATAGTCCA-9,Skin
-7.06097780649632,3.34693621139899,CTCACCAAGCTTTCCC-5,Fat
-6.30264315541135,2.26326950015667,TGGCGCAGTACGCCCA-13,Spleen
-6.22293418659254,-0.078791123426123,CCCACATTCACATTCT-8,Spleen
0.983933440227623,-4.91534023850083,CAAGAAATCAGTCAAC-2,Colon
8.15618098833898,0.535941408877335,TACGCAAAGCGCCTAC-3,Spleen
-7.05189323752082,3.37576008391365,GCGATCGTCACGATTG-1,Spleen
8.64357282188499,2.9143747638669,TGTGTCCGTAGGTAAT-3,Spleen
1.73503644398879,-1.9188959463452,ACAGGCCAGGGCGAAG-6,Fat
9.25636182856158,0.639089547014724,ACCAAACCAGATAAGT-3,Spleen
-4.15881058967228,-1.66203875782613,CATGTTTGTCGCTACG-13,Spleen
-4.91453391741417,0.772651044725681,GTGGATTAGTCTAGAA-8,Spleen
-2.59854744694727,-6.19450450888838,CTACTTAGTATCCTTT-9,Skin
-0.155788759372616,-0.927452465160583,GCAGCCATCCGTCAAA-11,Fat
-6.21199790486627,0.438301359001289,GTGTGATAGGATTGCG-8,Spleen
-1.35525848142555,6.41116223540109,TAGGTGTTCGTCTAGA-1,Spleen
7.26988641324984,2.05965382766061,GCGATTACAAGACTTC-6,Fat
-0.284315987151969,-0.626561696072168,AATGCCACAATGGCTT-11,Fat
-6.57228481862241,2.01355566012891,AGTTACGTCGGGTCCA-8,Spleen
0.027914660332887,-5.73649177304977,TCGCCTAAGTCAGGAC-4,Colon
-2.35177437725975,4.28394895137795,GAAACAAGTCAGAAGC-1,Spleen
6.38130625014983,0.505843028235284,CTTCCAGAGACACTTC-12,Fat
9.52177645845841,2.08215225398902,GGTCATATCCAAGTCA-3,Spleen
1.88555816590859,-4.19940026744779,GCGGAAAGTATCCTTT-6,Fat
-3.92953046441156,-2.86336909598109,AAACTGCAGGGTAATT-4,Colon
0.476688352687569,3.45889756423735,AAGATAGGTTGGCTTA-4,Colon
4.80848571330749,1.60494475649126,CCTGGGACAATGATGA-2,Colon
3.52332914565891,-5.07924338945111,GGCGAAAGTTTCTCTA-1,Spleen
1.5991104759888,-4.07021638258092,TAGTCCCAGACTAGGC-11,Fat
-0.235301713561426,-1.96941667424513,AGCGATTAGTCCGGAA-5,Fat
-2.0672421768211,-8.16624757337973,TTCAACTTCGAACCGC-9,Skin
-1.80225691015539,7.22013149627918,TGCTTCGAGTGAGCTG-1,Spleen
0.334571500928478,-4.9920742665663,TGTGTCCAGACCGCAA-4,Colon
-0.733776109100476,-4.11187621793544,ACAGAAAGTCGAGGTA-4,Colon
-2.06235471945593,-0.389944327119519,TTAGCTTAGGTCGTTT-1,Spleen
-0.165086444300913,0.347473625499375,CCTTGCACAACAAACA-11,Fat
-2.81083223463219,4.71069639707699,CCATACCAGCTTACCA-1,Spleen
0.610671046332625,3.50462165798078,TACATTCTCTTACTCA-4,Colon
-5.1777807184289,5.9878275957992,ATCGAGTTCTGGCGCA-1,Spleen
8.84664106116089,1.92687655277547,AGATAGATCCCGCAAG-3,Spleen
-4.3346420102712,-2.87901940522293,GAAATGACAACTGCGC-4,Colon
10.0380807306149,1.82205231017186,GGGCCATTCAGTGGTT-3,Spleen
-1.3467916178486,-8.48291144296425,GGTGAAGTCTGAACGT-10,Skin
-0.755109983439772,3.63672561970861,GTCTACCTCAAGTTGC-4,Colon
-3.10426803482773,5.91636318910953,TCAATTCGTCTCTGCT-1,Spleen
-1.29618635325281,4.28907938982375,GCGCATGGTCCCTTTG-1,Spleen
8.58353025025687,2.98679273474114,GGATGAGCATGCCTTC-3,Spleen
-2.73220890766093,-3.68030646392557,TTTGAGGCAGTAACGG-4,Colon
-5.3900504001371,-2.32647755251805,GCCTACTGTATATGGA-11,Fat
-3.02697263019165,6.38375404870279,CTTTGCGTCACACGTA-1,Spleen
2.78885035236757,-2.20527388078134,CTTGTCGTCCAACAAC-10,Skin
-6.38140390655516,-3.08723487221061,AGCCGCATCGGGATCC-13,Spleen
7.11565263385153,1.6735611787545,CCGCATTAGTGCAACG-6,Fat
-4.6880789981337,1.75237951562527,TCAAGGTTCACGTGTA-13,Spleen
2.01770000441535,-1.69154817796175,AGATAGACAATGGCAG-6,Fat
4.85098010145286,-4.37694559755203,AGCTATGCAAGTTCGT-6,Fat
4.36222595944244,-4.47034127312318,GGGCCATCAATTCAGC-6,Fat
-4.58478720903913,0.117907648415232,GCAGCTGAGTCTCCAA-13,Spleen
-5.32519061335268,-0.682813041414763,ACTGCAACAGACCTGC-13,Spleen
4.7431246133595,-3.9014900605874,AGCGATTAGCAGAGCT-2,Colon
2.05656833981366,-2.43666149250694,AGCGTGCAGCTCCATA-6,Fat
-5.27657323094025,2.55835178779306,GCGTTGGAGCCATTCA-13,Spleen
-2.41827360576981,7.45937921322257,CACTAAGGTCCTATTT-1,Spleen
-3.46051850335305,-4.29238964007225,TATCTGTCAGTTACAC-4,Colon
-2.96148766921028,4.23937858171045,AGGACGAGTTTGCATG-1,Spleen
0.329645630597364,2.37854009577605,CGCAATAAGATTAGAC-4,Colon
9.47232676441417,0.203184575932888,GTGTCCTTCTCCTTGG-3,Spleen
8.94045289832785,1.93168150096487,CTACAGAAGGTTGACG-3,Spleen
-4.16240746788485,-2.97843803322951,TGCTTCGGTGCATTCA-4,Colon
3.96226310542806,1.73134803080323,GCGATTACAACGTAGG-2,Colon
-3.97060298967659,-4.79389964881975,TGTGTCCTCCAGGGAA-4,Colon
-4.27148032401833,1.54693005099664,AAAGGATCAAATGCTC-13,Spleen
-5.43061144733079,1.91308317260975,TGTAAGCAGCCAGAAC-13,Spleen
0.078859237171832,0.763317902943858,TGATTTCGTTTCTCTA-11,Fat
0.234168171601189,0.49352611490148,GAAGAGCCATACAACC-11,Fat
-2.60970527734164,-1.88722197456928,CCTTAATTCAACGTGT-4,Colon
4.52518907788659,1.88629998415453,TACCTATAGTATAGTG-2,Colon
5.82138521385559,-1.1004210534541,GTGATCAGTCATGAGG-6,Fat
2.78552282445629,-3.4312292271693,AACCAACTCACATCCC-6,Fat
-2.74667736288854,-6.07098823268646,TGATCAGCAACGAGGT-9,Skin
-5.3600796520105,2.10329845508289,GCGCATGGTCATAAGA-13,Spleen
-3.92428313699582,4.85533162084663,GCGGAAATCGTTCTAT-1,Spleen
0.250713517032444,-1.4052061866337,CAGTGCGTCACCCGGA-11,Fat
-6.00039879024115,-4.07803124930912,AACGGGAGTGGATTTC-9,Skin
4.31660342093964,0.728802092128214,AGCCTCTGTAACGGAC-2,Colon
7.03647074715594,2.46316252925001,GAAGTCTGTACTTCGA-6,Fat
7.74173116655013,-1.52674248057188,CCGTAGGCATTGCCTC-3,Spleen
-6.10128902729524,-0.177123305040151,ATTACTCCAGCTTACA-13,Spleen
0.352792295166009,-2.15563118747013,CCCACATCATATACGC-4,Colon
-0.79175903787386,3.29079738363715,TTATGTCGTATCCTTT-4,Colon
-3.83947724996484,6.50851396525152,AACCTGATCTAGCAGT-1,Spleen
0.677399066106081,-2.1345023471848,CAATCCCGTCAATCCA-11,Fat
-6.13917038543478,2.69049372222791,CTGCTCACACTCGGAC-13,Spleen
4.32947878263037,-1.63935344288907,ACATGCAGTATGGGTG-6,Fat
-0.163292582966442,3.86655464073006,TTGCTATTCTGTGTGA-4,Colon
-6.43655719015084,-2.76363836668706,TAGGAGGTCAGCACTA-11,Fat
-4.78370104443934,-2.53516819224533,TCGCCTAAGGCTTAAA-4,Colon
-0.279326359265602,3.42327813754442,CACTAAGCAGCTGATT-4,Colon
-4.26338869778289,-2.43949722843,GTTATTCGTTTGCATG-4,Colon
9.61312578289375,1.65137898140039,TAGGTCAGTAACACTC-3,Spleen
6.75604581773348,-0.884953158211946,TAGCCCTTCTGTTGCC-3,Spleen
9.72741161252562,1.5371201324507,TTTGGCCTCACTCCCA-3,Spleen
1.92244642316867,-1.72558236077158,TAGCCCTTCGGTCGAC-6,Fat
4.63964048615524,1.13363054341739,CGTAAACCAGGATGTG-2,Colon
-0.187385784054903,-2.44180984703575,AGTTTGGGTTCTACCC-1,Spleen
8.69448310423522,-0.492349506413438,TAACAGCAGCAGGAGG-3,Spleen
0.141341168119075,-1.57246032232237,ACCGGGTTCTTATCAC-11,Fat
-6.56737138000959,0.952530713505894,TCTAGTTAGAATACTG-13,Spleen
9.32986773767191,1.77537001811693,GAAGTCTGTACTAGAA-3,Spleen
-2.77587138253123,-6.45615930965231,CTCAGAACAAGGTTCT-9,Skin
3.92286308523108,-4.19856972100528,GAGGTCCTCGGTTGTA-11,Fat
6.71295052227817,2.11484121063712,AGTCAACTCAGGCCGT-12,Fat
-6.79314072139757,0.743219779096578,ACTATTCAGCTAACAA-13,Spleen
-2.84919234022223,-2.95920594022527,TGCATGAGTACGAGAC-4,Colon
-0.457472134608958,-2.00110752026209,CCGTAGGCAGCGTCGT-5,Fat
-2.9137194984306,-3.70886911321668,ATAGGCTGTGGTAAGC-4,Colon
-2.80504482812743,5.0278866820313,CAAAGCTAGTGTCACT-1,Spleen
6.77424380582136,1.20592157769936,CTGCTCATCATCGCCT-12,Fat
-6.62431854142549,2.61893718865481,GAACCGCCAACTTGGT-8,Spleen
1.21172167215686,-3.34232979227503,CGCTAGGGTATCTGCA-11,Fat
5.00079389657579,0.052476212838464,TGTGACATCTATCTTG-2,Colon
-0.402754602682334,-5.32317879047392,TTATGTCTCACCCGGA-4,Colon
-1.7557414230837,-5.10017351825388,GCTGAGCTCCTAGAGT-4,Colon
-4.94868680239096,-3.25984511331396,CATGTTTTCTCGCGTT-11,Fat
0.247477582658212,-1.53072941443736,ACCGCAGAGCGAGAAA-11,Fat
-3.43477683482256,4.52662779574989,CCTTGCACACTGTCAA-1,Spleen
-6.78436961045609,-0.236601949453443,GCTGCGAAGGTTACAA-13,Spleen
-7.11880452970267,-4.19468530710845,CGTGGCATCTCGGCGA-9,Skin
-2.17335312302004,4.59304245887184,GCGGAAAGTCATAGAA-1,Spleen
8.07115400340873,0.620434862854565,TTATGTCCACGACGAA-3,Spleen
-3.3370486046774,7.01733820500914,TTCATTGAGGATTGCG-1,Spleen
1.71389826451021,-4.16627764708288,CCATACCAGCGAATAT-6,Fat
-1.71771733783041,5.97263091329202,CCACAGGCAACTTGGT-1,Spleen
-2.03412639197773,-5.13642038157177,GCAGCCATCGGGTCCA-4,Colon
-3.49518731484486,4.39535426347017,GCCTACTTCGAGGTAG-1,Spleen
-1.61570473090121,-7.75631975655109,TAACAGCGTAACTGAA-9,Skin
3.21431086678588,-3.00309208424709,TAGCTTTTCTCCACTG-6,Fat
-4.7348477471759,0.54743986374273,CAGGATTGTTCCCAAA-13,Spleen
7.34963354967232,-1.45440402370267,TGAATCGCAATCAGGG-3,Spleen
-3.62137313475739,-4.51318912099283,TTACTCATCGGTTCCT-4,Colon
6.72358100703714,-1.4852556241809,GCGAGTCTCTTCCGTG-3,Spleen
-6.35597774977017,2.81153268792559,ACAAACCTCCACCTAC-13,Spleen
-2.76320454578442,6.00501461908287,CCCTCTCAGTATACGA-1,Spleen
9.76024879802382,0.936004659735672,CCCACATTCCAAGTCA-3,Spleen
-3.51199227221672,-3.43822667615118,GCTTTCGCACGCGACT-4,Colon
0.218390773489155,-5.51081029822196,CCACGTTGTGCATTCA-4,Colon
7.2547291467864,1.42965974051428,CACCACTCAATGCACT-6,Fat
-1.47637921412824,5.73057588851032,GCCAGACGTACTATGC-1,Spleen
-0.613421909701548,2.57847847387191,AACTGTGCAACGTAGG-4,Colon
-6.35568641696504,-0.554515672233735,TAGCCGGGTTTGCGAT-13,Spleen
-5.9333088498888,0.102705810536586,TCTAGTTGTTAGGCTT-8,Spleen
-3.16912083608084,5.05086102523672,TGCTATTTCTTACCTA-1,Spleen
-5.0651354985341,-0.041412253730018,GCGATCGAGAATACTG-13,Spleen
-5.90108598646062,0.018006961902992,TGCGTAAGTCTGGTCG-13,Spleen
-0.072723982173988,-0.208406255999843,GGCACGTCAAACCCTA-11,Fat
-3.57070509079439,-4.49032160985371,GCGTTGGCAGCACATT-4,Colon
8.74464838456771,-0.11348847814201,TGGTCCTGTCCGAGCT-3,Spleen
-2.23810889960332,5.64865060012191,GAACTTGTCATCGCCT-1,Spleen
-0.639511406478031,-1.11240773839896,CCGTGAGAGGAAGACA-11,Fat
9.03869028565655,0.670572040634038,CTGTATTTCGAACACT-3,Spleen
-1.82313674618624,6.41429711675695,TGCATGACAGCCACGT-1,Spleen
6.53492848940357,-1.12692166507969,AAATGAGCAAAGGTCG-3,Spleen
-4.52509456004383,6.213278460609,TTGAGCAGTACCCATA-1,Spleen
-2.27549065903813,5.27876491849946,CTCAACCGTGCACATT-1,Spleen
-1.75379622168767,6.1772409049683,TGGTCAATCAGCACTA-1,Spleen
-4.40776258149939,6.32780919406161,ACCAAACGTTTGTACG-1,Spleen
-3.68700062145723,6.02386169649486,TTGCAGATCTGGTACA-1,Spleen
7.84951014154624,-0.215835099394561,TGATTTCCATGATCGT-3,Spleen
0.444609884349947,2.84041037114292,TTACTTGGTTCTACCC-4,Colon
-0.460960843265434,4.76670291935652,AGCCCGAAGACAGTGC-5,Fat
-2.58433844055315,-5.82570763150333,CGTTCCAAGCGTTGCC-9,Skin
-2.57438987117577,-0.827974550816753,TGACAACCAAATTCCG-11,Fat
5.32651078388947,-3.40001292163353,AAAGGGCAGAAAGGGT-2,Colon
3.46030520846969,-5.09871063800295,TACTAGGAGATTACGA-1,Spleen
1.38462558169127,-3.84521148672635,GGAACTTTCACCACAA-6,Fat
6.81603401272036,0.724997287741947,AGGACGAAGCGAGAAA-6,Fat
-5.37956940898412,3.46683074275853,TAATCGGTCCCGCAAG-13,Spleen
-3.52803051056671,-4.74952261438379,CCCTAACCAGACTAAA-4,Colon
7.07060530308,-1.64790053861129,TAGGAGGAGAACGTTA-3,Spleen
-0.206476431648898,0.782900909573674,TCACAAGAGGATGCCA-11,Fat
-2.36230625026116,4.64555518601007,ACCAAACGTTTGTAGC-1,Spleen
-5.08015273806426,3.02205476400093,GAACGTTGTATCTAGC-13,Spleen
-1.24720620588913,-8.47831787942273,GAAGTCTTCATTCTCA-10,Skin
0.261534458146995,1.03407332771123,GCTGAGCAGTAATCAG-11,Fat
-6.19567252994747,-3.84326134535764,TTACGTTCACGATATC-9,Skin
0.054299330541839,2.56617162186528,TCCCACATCGCGCCAA-4,Colon
-4.39876165506805,0.792598624272279,ACGTTAGAGCGAGAAA-13,Spleen
8.90990910917763,1.27304089683672,ACATGGTCAAGCACTT-3,Spleen
-6.71068830699091,2.4564868407575,TGATTTCTCGCCCTTA-13,Spleen
-5.27567838225287,-2.12475219309694,GCTCAGGAGAGCGAAA-4,Colon
-5.27725650495498,-2.82415784417814,GCGAGAAAGCTAGCAG-4,Colon
0.677648414606876,-5.93861918082179,AAAGGATTCCAGGGAA-4,Colon
-0.270266651164771,-2.54809333100772,GTGTGATTCTGAGTCA-11,Fat
-3.25781406000188,-3.96394304182217,GAGGCTCAGACGCCAA-4,Colon
-5.00709095866191,2.88482236335899,ATGCATGCACCTGGTG-13,Spleen
-3.4809954690622,4.84863605235739,CAGGATTTCAGGTCTA-1,Spleen
2.81365977733811,-2.94186074797252,GGTGCTGGTATGGTTC-6,Fat
7.24643920825659,2.55600871621424,TCTCAGCGTGTCCAGC-6,Fat
-3.87926596147115,-0.566702181051896,GTACTTTGTTTGTACG-8,Spleen
-3.09729877390796,-5.36131668424296,ACAAACCCAGTAAGAT-4,Colon
-0.971676941824831,3.24979815060805,TCAGGTATCTTCAGAG-4,Colon
-6.15431724165748,1.69728209838266,AGGCCTGCACCGTTGG-13,Spleen
-6.55386937161459,2.27897618689385,GTAGGAGTCCTCCCAA-8,Spleen
9.51084059451716,-0.723736622499689,ACAGCGCTCAGGTCTA-3,Spleen
-4.67082656393251,-1.26002111753478,TTCATCACATTGATGC-13,Spleen
2.73871274974496,-3.32301238644269,TGCTTTAGTGTCGTCG-6,Fat
-0.599676178271047,-4.83431994563816,CGTAAACCATCGCCTT-4,Colon
4.92379875644867,-4.03849250145165,CTTAATCAGCTGCCAC-2,Colon
0.119514817248846,0.429862241715319,GCTTAAGGTGCATTGT-11,Fat
-5.82263604223549,-0.374752703845945,GCGGGTTTCCGGCGAT-5,Fat
-2.77356619894069,3.95602461918267,TGATGCATCTATGAGC-1,Spleen
8.64553950387324,1.75648249473481,AGCGTATGTTTCACCC-3,Spleen
-3.58832711629872,0.303058724994259,TCAATTCGTCTGCACG-13,Spleen
-0.700217963660281,-1.76452212673696,GGTTGCGAGGCGTCCT-5,Fat
-6.20412946395985,1.22968408515147,TACGGATGTCTGGTCG-8,Spleen
-6.38707517221291,1.53675457595075,TTCATTGTCTGGTACA-8,Spleen
-6.46498183841098,-0.476044879698486,CTGCTCATCTCCACTG-13,Spleen
8.0908114945666,0.430372031222638,GATCGTAGTACGTATC-3,Spleen
0.732251691598676,2.7027513911974,AAAGGATTCATTCTCA-4,Colon
-7.33608616438783,2.02241209855887,CGCTGGAGTATTGTCG-8,Spleen
-6.59141246038095,2.85799110076078,GGAGAACGTAGTCCAT-13,Spleen
-6.70629905014091,-3.96805934277017,TCACAAGCACGCTGTG-9,Skin
-2.20007395518667,-0.563068483815019,TTGCTTACAAGAGCGT-1,Spleen
-4.36457574774769,-2.85096861841725,CGTTCCACAACGCACC-4,Colon
-2.1925624034095,6.10029154875649,GTTATGGAGGTTAACA-1,Spleen
-1.20444901021318,-7.36669649670549,TAGCATGCAATTAGGA-9,Skin
6.47873222873441,2.16918567604274,AGACAAATCGTCTAGA-6,Fat
9.64734512923389,2.0793681613913,GCTCAGGAGAGGTCCA-6,Fat
7.27295013435096,-0.9548064767835,TGGCGCAAGAGGCCTA-3,Spleen
9.47653278240031,1.90632806916511,TGGGTTATCACTCGGG-3,Spleen
4.52799817654968,1.79523494810964,CTCCCAATCTACATCT-2,Colon
-1.85079898539846,-6.93290553131529,AGCTGTACACAGTTAC-9,Skin
6.76231072082274,1.45436560973595,AATACGCCACCCATCT-12,Fat
-4.12222538481496,-4.72184919100536,GCACGCATCCAACGCG-4,Colon
-1.83457026798324,-4.21566325209449,GACCTTCTCAGTCACA-4,Colon
2.60586998161121,-2.80911188284473,CATTGGAGTATCCCTC-6,Fat
2.78623533698565,-3.06566626668525,GCCTACTTCATCGCAA-6,Fat
-5.00697155493321,1.9494653954508,CTTGAAGGTATTCACG-13,Spleen
6.84200520022147,-0.581434435485182,TTGGTCCCAATACTGC-3,Spleen
-2.80616276890671,6.8293426635206,CCTAAAGCAAAGGAAG-1,Spleen
1.18450988859798,-3.02987713713897,CGTACAATCCGGCTGA-5,Fat
-1.64051326426679,-7.87084104184929,AATGGAAAGGTTAACA-9,Skin
-0.318019210764248,-4.78399871958752,ATCCTCGGTACTAGAA-4,Colon
-2.31358213262268,-5.34891801759086,ATTACCTGTCCAAGTT-11,Fat
-3.57253442989774,-4.47589475321823,GCATTCCAGCGTTGCC-4,Colon
-3.11796364959701,6.34876880604833,TAACTTCCAGAAAGAG-1,Spleen
-7.65823475249503,1.45692125939617,GCTCGAGGTAGCAGCA-8,Spleen
1.26910566333498,-3.50030676647346,CTGGCAGAGGTTCGAG-5,Fat
-2.06877949639173,-8.03120158289724,AACAGTCCAAGTTGCT-9,Skin
-4.28451278179161,-3.58712663557079,GCTTGCTTCGGTCTCT-4,Colon
-6.29090150153655,2.43821284065759,TATCTGTAGTAGAAGG-13,Spleen
-6.13824697141011,1.60799196608509,GCAGCCATCACTACCC-13,Spleen
8.91688464215336,0.918312118796377,CGCAATAAGTCTTAGC-3,Spleen
-1.26165234596588,-3.42342472228955,AACTTGGGTAGGGTCA-4,Colon
-6.50393694012974,-4.4688822414076,TAACTTCGTGTTGTTG-9,Skin
4.30734716974831,-1.40113693198588,GTAATCGCATCACAAC-11,Fat
-3.17535841273001,-0.502705244924558,CATTGGATCGGCTATA-4,Colon
-1.99686836894149,5.90599071076944,GCGATCGTCTTATCAC-1,Spleen
-1.750899410431,-7.31765259922285,GGCGTTGAGGTTAACA-9,Skin
-4.23667196038019,-2.63945690313876,GCACGGTGTCACTCTC-4,Colon
0.441758898237812,-4.29837618235667,CTCTACGAGGCTGGAT-2,Colon
-4.04816855748592,-4.38634026393753,GAACGTTCACACACCG-4,Colon
-1.93972806922275,5.35709594945077,GAGACTTAGAGTTCGG-4,Colon
-2.18479702775127,-8.34272073064662,TCGCAGGCAAATAGTG-9,Skin
9.58935771739721,0.716297607699783,ACCCAAAGTCAAATCC-3,Spleen
-6.64255832055717,3.66367871573584,GTGTCAAGTCCCTAAA-8,Spleen
-1.51262978624292,-7.17900978945752,AACTGGTAGTATACCC-9,Skin
-3.59443374358502,6.75155954037784,TCGATTTTCCTATCAT-1,Spleen
-5.0087443713895,0.214369065918023,TTTGTGTCAGCAACCC-8,Spleen
-0.871749161263997,-1.85941726014343,GCGAGTCCATTACCTT-5,Fat
9.4260998748269,2.66652855569572,TAATTCCCAATTCAGC-3,Spleen
4.5473604469092,1.87111509614209,CTCAACCCACGCTAAT-2,Colon
8.87934185459298,1.07801385345303,GAGGTCCGTTTCTCTA-3,Spleen
-0.167693198609169,0.362433686149001,AACAAAGGTGGCATAG-11,Fat
-1.64537144794218,-7.5999305630767,CTAGGGCGTCTGGTTA-9,Skin
2.11416427066233,-3.89297951803798,AGCGTATGTAACAATG-4,Colon
4.48126062152574,1.62692621023166,ACTTTCATCTATCTCA-2,Colon
-3.94533338827212,1.72539129704444,TCTATTGCAAGCCAGA-1,Spleen
1.65654985818394,-4.13917654042184,CTCAGCTCAGAGCCAA-6,Fat
-5.86841617780976,-0.079549610507374,TCTAGTTGTATGCTAC-13,Spleen
-6.54550079319736,-3.49915483169236,GCGATCGTCTCTGACC-9,Skin
-0.273839508040192,0.142380877493321,GATTAGCCATGGGTGA-11,Fat
-4.40873935063343,1.7036251364199,TCAGGTAGTTTAGAAG-1,Spleen
-4.72097892746413,1.67815545125141,TGAGTCATCTTGGCCT-13,Spleen
8.43733002069228,-0.053566189019477,GGAACCCAGAAAGCAG-3,Spleen
-2.73047699405663,-0.634280629175252,CGCAGGTCACGCTCAG-11,Fat
7.45467729652608,0.743125102872922,CAACCAAGTCACTCTC-6,Fat
8.2919975418494,-1.63707328569862,AATGTCGGTTTCGATG-3,Spleen
0.705780700880265,-2.67975233841139,ACAGGCCAGAAAGGGT-11,Fat
-3.06911056135782,4.01316343091209,AGTGTACAGTTATGAG-1,Spleen
-6.86177439152417,-4.64246754520336,CTTAATCCATGGCCGT-9,Skin
-0.611616068339291,-1.76811470060846,TATCGAGGTCTGTGTA-5,Fat
0.864662674711759,-2.59062755256441,CCCTAGTTCCATAACG-5,Fat
-5.68913565358093,0.327376279591341,GGAATCTCAGGGTAAC-8,Spleen
4.98441338888197,-3.6449661032197,GTGACATCACATCATG-2,Colon
8.32500386864948,-0.809333960613695,AGCCAGCTCAAGTTGC-3,Spleen
-3.39032446145467,4.73622791048426,CTCTACGCATCGTACA-1,Spleen
-5.94423581440197,2.04272589324535,ATGGATCAGTGTCCCG-13,Spleen
8.35310376509024,2.01119215544842,TTCATTGAGATGAGGA-3,Spleen
-2.9222732446724,6.80302137898771,CCTATTACAACATAAG-1,Spleen
-4.68911314293445,-2.58229240120153,TCCCACATCGGTCTCT-4,Colon
0.051265814022746,0.204035589459894,GCAACCGGTTTGACCA-11,Fat
8.61421444227261,1.84029964832686,TAGGTGTAGCGATACG-3,Spleen
-6.0565492786321,3.39075790125355,CCCTAGTCAGTTAAAG-8,Spleen
-1.96451601522346,6.46980193616174,AGCCTGGGTATGGTTC-1,Spleen
10.1104167284781,0.313455565723705,GGACACCTCCGGAAAG-3,Spleen
0.422957393784459,-2.2392603404158,ATCCTGCAGCCATTCA-5,Fat
-1.80363554682636,-7.94058969609609,TCACAAGCATTTGGTG-9,Skin
8.84305674522743,1.60507304459766,GCAACCGAGCAGGACT-3,Spleen
0.452047857674239,-3.32325723082419,CTTCCAGCAAGCCTTA-4,Colon
4.86850296366852,0.62560087170762,TAGCCGGCACTGTCAA-2,Colon
-5.8277203477392,3.56899766141939,CTTGCCACAGATACAA-13,Spleen
8.9020159094044,2.82615682644375,ATCCTGCTCACCACAA-3,Spleen
2.64529365439781,-3.02107720138237,GTGTCAAAGTCACGCC-6,Fat
-2.92638197791822,-2.86360649493589,GCTCGAGGTCATTGCA-4,Colon
6.61514493498693,2.3931246103133,TTCTGTAAGGGTCCCT-6,Fat
-5.67178957972406,0.298590849573381,GAGTGAGGTGACAAGC-8,Spleen
-4.74827382210465,0.154067438603926,TGCTTCGGTCCAACCG-8,Spleen
-5.61269462429387,6.02739366985689,TTGCTATAGGCCAATG-1,Spleen
-4.69243095807959,-1.69583354990149,GGCGAAAGTCCACCAG-9,Skin
-0.856127348128802,-2.19976677022145,TTATGTCTCCTAGAGT-4,Colon
2.91288268427081,-3.00545506281415,AGGACGAGTCCAGACC-6,Fat
-1.22591418880054,-1.43906614004115,CTCTAGCTCTGAACGT-1,Spleen
-5.70556527970476,2.10063531208169,CCGTACTGTCGCTAGC-13,Spleen
-7.15042621073169,2.83285270310991,ACTATTCTCCACACCT-8,Spleen
2.18976685266386,-3.01656629671573,CAACGGCGTGTTGTTG-12,Fat
-0.139317638964122,-2.65331461384508,AACAAAGCAATGAAAC-9,Skin
2.00942359214374,-2.52886386512561,TTACTCAAGTTCCAGT-6,Fat
2.10683304328833,-2.79012368149685,TAGGAGGCAGTGGTCC-6,Fat
-4.2396297845797,-0.495718342898317,AGCCCGATCACACGTA-1,Spleen
-4.30418187918937,-4.21390711351349,AAGGAGCAGTTGACAA-4,Colon
-5.40032282359102,3.24728671762963,GGGTCTGGTATCCTTT-13,Spleen
-4.97850563920086,0.710409615359139,ATCCAGATCGAGGTCC-13,Spleen
1.99526744587476,-2.80345106158385,CACTGAAAGATCGATA-6,Fat
-0.875484794781019,6.4364687072397,TAACGGTAGCCCATTA-11,Fat
-2.75262055982772,-2.70712877239695,TGAATCGAGTTCCAGT-4,Colon
-4.39787901364937,-2.44375237144397,GCTCACTTCGGCTATA-4,Colon
-6.03114619924768,1.63429064944056,CATGTTTAGACACGGT-13,Spleen
-6.8409898252398,-4.47528720618755,CACTGAAAGAGTGGAA-9,Skin
-1.9600297659276,6.59834017788864,ACTCGGGAGAGGAATG-1,Spleen
4.42255449419548,-4.54734462963902,AACGGGAAGCTGGAGT-6,Fat
0.651075084703271,-5.71815221888824,TAGCCGGTCGCCACTT-4,Colon
-6.41872662011275,-2.99320594817781,GTCACAACACGGTTAT-9,Skin
-0.641537895631868,3.08321654974692,GCTCCTAGTCTGGATT-4,Colon
-5.59881307975713,3.00804708107519,TGATCAGGTATCTAGC-13,Spleen
-0.876356904251646,-3.32619167809866,AACGTACAGATTAGAC-11,Fat
-3.66136071013481,-4.18872783055008,CGTAAACAGGCCAATG-4,Colon
-6.31557876207189,1.2907398761046,TCAAGGTGTCCCTTTG-13,Spleen
1.71871525316345,-3.58275496084704,CCTTGCATCTTAATCC-5,Fat
-2.41226424790309,-3.24663425781567,CAGCCTTTCCTCATTA-4,Colon
-2.13841822506589,6.90262910057649,AGATTCGCAACTACTG-1,Spleen
-5.97698355937517,1.04662367673321,CAACGTAAGGTAAGTT-13,Spleen
-6.0741428673797,0.048801844972938,TAACAGCTCTATATCC-8,Spleen
1.82602160749801,0.435880268431633,CCCTAACTCGGCATAT-6,Fat
-7.04134028306411,-4.08200574999082,TTCTAACTCCGAGAGA-9,Skin
8.13735290763656,-0.013304705475148,ATCCCTGCATCGCTAA-3,Spleen
4.23900537878853,1.91970805436862,ATTGTGGGTGCGTTTA-2,Colon
-6.6952925198004,-4.23795496635394,ACTATTCAGTCGATAA-9,Skin
-4.43777701261407,-3.50204788137069,TGTGGCGGTTTGGATC-4,Colon
-5.16246226145518,3.0641355661219,CACTGAAAGCGCATTT-13,Spleen
7.22749613687304,0.056755604071678,CTTGTCGGTGAGGTCA-6,Fat
-2.81039524583531,-3.75602354135993,CAAGGCCTCACTTACT-4,Colon
-6.5192034500325,-4.71011201843448,ACCGCAGGTAAGCCTT-9,Skin
-4.8180978033549,6.05863757656131,GCCAGCACACTAGGAG-1,Spleen
4.09243740568456,0.587147999850759,GCAGCTGCATCCTGGG-2,Colon
6.29565650221412,-1.26864181050466,TGACAACGTATGGTTC-6,Fat
-2.59281283656366,-4.68197218208078,CTTGAAGAGACGTCAG-4,Colon
4.14560270641907,0.87992313254239,ACCGAATCACCACCAG-2,Colon
-3.63354872698664,2.45848235681075,AGACAAATCACAAGCT-13,Spleen
0.938882214047141,-2.97764079445476,CATTGGAAGCCTCGCA-5,Fat
-4.60973260201505,-2.8498606152417,CGATGATAGTCCTTCC-4,Colon
9.10200960598733,-0.053520492022465,TCAATTCGTTCTGAGT-3,Spleen
-2.49740061249548,7.63942735442932,GATGATCCAGTCAGAG-1,Spleen
6.00202124482117,-0.256783707010277,AATGCCAGTTTGTACG-12,Fat
-1.52953455203271,-0.819836516042171,GTGGATTTCAGCACTA-1,Spleen
-6.43635851809442,2.95658192365117,TAGGTCAAGGATGCCA-8,Spleen
-2.66099398409475,6.95163483542914,TCAAGACTCGCCAGAC-1,Spleen
-1.47736879034027,-7.33417439749214,TAGCCGGTCTTTCGAT-9,Skin
-1.88584186875845,3.4730176214687,TCTATTGAGAGCTACG-11,Fat
7.92827677406029,1.77594121959841,GACCAATCAGCAATGG-3,Spleen
-5.72933428218201,0.144521591124635,TACATTCGTGGACGAT-8,Spleen
-2.74339637072257,4.04179940568141,TCAGTCCAGTGAGTTA-1,Spleen
3.34877576301356,1.15714201106117,TAAACCGGTTATAGAG-2,Colon
1.68297413682489,-3.98864999899341,TAATTCCGTGAATCAA-6,Fat
-7.47749673414841,1.57930501240618,TGCTCACAGGTAGGAA-8,Spleen
-1.85446863355189,-6.72894316105831,TTAGGTGTCCCGATTC-9,Skin
-3.06013342769162,6.13492140719439,GTTATTCTCGATGTGT-1,Spleen
-1.17000675831197,-6.305834609036,AGCTGTATCGGTTAGT-4,Colon
-5.54292017768381,1.71825020194024,AGCTATGCAAGCAGGT-13,Spleen
-3.12676750757959,-4.20687582258757,ATGTCGATCATCGCCT-4,Colon
-0.066940824323169,2.85740055227367,TACCTATTCCTCCCAA-4,Colon
-2.44954856961354,6.79279255631212,TGCATGATCCGGACTG-9,Skin
-2.02549553028697,6.29893348954891,TGTGTCCTCGCGATGC-1,Spleen
8.78236033021475,2.19382346957311,ACGTGGCTCAAGAGGC-6,Fat
-1.55621146281293,-7.50290161448327,GATTAGCCAATCACTG-9,Skin
8.61714078804422,1.73399454056584,TCGGGACGTCACTCTC-3,Spleen
0.276107258403992,0.989968463424917,CCTATTATCACATTCT-11,Fat
-6.95222653538317,2.83446845829335,GTAGTACTCTATCTTG-13,Spleen
-1.9129208557764,-7.04700518029067,CGCTAGGGTAACCCAT-9,Skin
0.000207406268804,-1.10228108291547,TTCGCGTTCTTCTTCC-11,Fat
6.70141056237394,2.37440494510999,ACCGAATGTGCCAAGA-6,Fat
-3.64837674817644,-3.18780122515112,GAGCGCTGTATTGTGC-4,Colon
8.61121729755869,2.2110811194553,GGTGCTGTCCAATAGC-3,Spleen
2.66807200060637,-3.65722963276074,CGCAGGTGTTCTGATG-6,Fat
-0.312942000970753,1.50877793035474,CTAGCGGTCCATATCT-11,Fat
0.620419617150655,-1.08905130975769,CTTCCAGAGGCAGTGT-11,Fat
1.74763265278267,0.44805283721257,CTAGGGCAGGCAGTGT-9,Skin
0.408106303345218,3.10670919987207,CGGACTGAGATGTTGA-4,Colon
-2.25034184173953,4.75754223494611,CCCTCTCAGACGTCAG-1,Spleen
-4.20233655240474,-2.49673421734509,GGCGTTGTCCGAGAGA-4,Colon
-2.42888024966355,-2.98683944982992,CCTGGGAAGAGTCCGA-4,Colon
4.12348621493659,0.556516834206591,ATATTCCGTGGTTCTA-2,Colon
6.91500093751441,1.03443611727587,GAGCATTAGGATTTGA-6,Fat
-0.313012510813571,-1.99178013392235,GCCCAGACATCGAGTT-5,Fat
-7.00953420497396,2.32939531685969,TGCCTCACAACTCAAC-8,Spleen
0.131416628983419,0.665921798409428,CCCTGATAGGCAGTGT-11,Fat
-2.99088974950616,4.73104014962257,TAAACCGGTATCGCGC-1,Spleen
-1.82606279952881,5.45789290262911,TGCTCGTAGCAGGACT-1,Spleen
-1.21718474249512,-4.19840861073157,TTGACGAGTGTTGTTG-4,Colon
-4.12617827139948,6.20255900172207,TGCTATTTCACAACAC-1,Spleen
4.61028686046888,-2.23537579800715,CTTCCAGAGGCCTCGT-2,Colon
10.13100100409,0.713598667243323,TGAATCGAGAACCCGA-3,Spleen
-4.95513471083425,1.23684943252425,TAAGTGCCAGTGCTCG-13,Spleen
-6.78750529509587,-3.83780467452194,GTTGGGCCAAACTACC-9,Skin
-7.0434781231614,-3.96160488418573,CGCTAGGGTTTCTACT-9,Skin
-2.87072144022137,-6.17857733901496,GTTATGGGTGCAACAG-9,Skin
7.47508762372971,2.58752314594446,TGCTTTACACATGATC-6,Fat
-1.43852409855164,5.14744918670151,TACATTCAGTTCGTTG-1,Spleen
-4.15456421767231,-0.492268329869641,TTAGCTTAGTCTCTAG-13,Spleen
0.898218043239868,-2.26858277203783,GGTGCTGAGGCAATTA-6,Fat
9.47817559916212,2.36148744310263,CTACTTACAAGGCTTT-3,Spleen
-1.58344281109343,-3.77735710602081,AACTGGTCAAAGAAGG-4,Colon
-3.29516773807718,-0.353941900453815,GCTGTTCTCCCAATAG-1,Spleen
6.92402941575446,2.43125256592367,TAATCGGGTGCTTCCT-6,Fat
-4.13918268680247,-3.07194842872112,TTCGATTGTCTGGGAA-4,Colon
-1.73893645036169,4.564114405899,TGTTAGGCAGGTCTGC-1,Spleen
9.02487270153864,-0.247814733482701,TTGCCCATCCCACTTG-3,Spleen
2.45431794477688,-2.02070929847508,AAAGATGAGTAGTCGG-6,Fat
-2.09262033648534,6.47123224625018,AACAAAGAGGCCTAAG-1,Spleen
-6.31920635404242,-4.36461688424666,GTTCAAGAGAACCATA-9,Skin
-2.19615521671963,5.63307221713093,GTGCTGGGTTCACGTA-1,Spleen
-4.3364437062517,-2.55208101209964,TGGGTTATCAGGTTTG-4,Colon
-2.06330796265818,7.20187657621164,TCAGTTTTCAGTTGAC-1,Spleen
6.49717558568359,-1.39284149278609,TTGCACCCACAACGGA-3,Spleen
9.11873463980804,1.95016553837399,CTCACCAGTACCGGCT-3,Spleen
-0.096435631237484,0.412620834671993,TGTAGCACACTACACA-11,Fat
-6.98213793916154,0.940197503707871,GCTTTCGTCTCTTAAC-13,Spleen
7.20820440341372,2.44551639409554,GAACTTGTCCCGTAGG-2,Colon
2.90242171618863,-3.22947545636782,GCGGGTTGTTCCCAAA-6,Fat
-4.5671741772262,-0.591680340473327,CCAATGAGTCATAAGA-13,Spleen
-0.323521042309956,2.50773314566255,CTACTTACACCTCGTT-4,Colon
10.0062075041772,2.02914514958881,GCTCCTACAGATTTGC-3,Spleen
-2.0109793101085,6.63509447564439,GAGTGAGCAGCAGGTA-1,Spleen
-2.12570730514684,4.35713760157746,AGCCGCACATTGAACC-1,Spleen
-6.97557810448864,2.26676904481483,GACCTTCCAATCATCG-8,Spleen
-5.65010585177368,-2.46333876272915,TACGGATAGCTAACAA-4,Colon
7.18359688136831,0.9454752848806,TGCCTCAAGCTTACCA-6,Fat
-4.53240259411773,-2.44897083422774,CCAATGACAAACCTAC-4,Colon
0.035952851643125,-5.63575576125716,TTTGCGCCACTAGGAG-4,Colon
0.220283193906372,2.70343820229195,CCGCATTGTCCAGACC-4,Colon
-0.171618967122185,0.298092358458916,TGAGTCAGTCTCTGCT-11,Fat
9.45456956631067,0.872158613796991,TAGACTGAGCGAATAT-3,Spleen
-4.29565160286256,-0.704176460761731,CTGGCAGCAATTAGGA-13,Spleen
-6.28763016508978,2.43833156938464,ATCGAGTCAATACTGC-8,Spleen
-0.162419041179684,-2.05573309819888,AATACGCGTTCCAATG-5,Fat
-5.35179411532385,-0.022586346449769,ACATGCAGTACGTATC-13,Spleen
-1.96221243493689,7.10227639525134,TCGAGCGTCTCCTTAA-1,Spleen
-6.24571117759207,-2.70104461797102,ACCATCCCATCCCAAA-9,Skin
0.153506151594135,2.75092335770473,CGTGGCAAGATCGATA-4,Colon
-6.5596081928608,0.971661725519773,CCTTGCAAGCTATCGT-8,Spleen
9.23459842595669,1.60071669457071,GATGGCCGTGCGTAGA-3,Spleen
-0.712425454821269,-4.93617613162823,ACTAACGAGTGAAGGA-4,Colon
7.81937435719718,3.12811541659697,GCGTTGGTCGGTCTCT-6,Fat
-2.29635111927409,4.1738468341578,CTCTCAGGTACTAGAA-1,Spleen
-0.918752334654081,-6.00268541650608,TAGGTCATCTCATCCG-2,Colon
4.33042339690503,-0.753376247926946,CACCTGTGTGTGTGTT-2,Colon
9.87768196823433,-0.014749490578371,CAACCAAAGAACCCGA-3,Spleen
-2.13523919078615,-8.46452142605045,GAACCTAAGGCAGATC-9,Skin
5.07262907329753,-0.114234799263132,TTCTGTAAGCCATTCA-2,Colon
4.38190245381932,0.856191029203314,CATAACGTCCTCCAGT-2,Colon
9.57294689384243,1.5226045596279,CTTCCAGGTGGATTTC-3,Spleen
9.46784400515945,-0.005719936335055,ACGGATTTCCCTAAAG-3,Spleen
-6.35090090721577,-2.4546829777021,TGGACATGTTTCGATG-13,Spleen
2.21029753540995,-2.41556447906483,CCACAGGCATGTAGAA-12,Fat
0.872768836112212,-5.14580508560527,GAAACAACATCCATAG-2,Colon
-4.69758349444732,-2.49913336824637,TGCCTCACAGTCAGAG-4,Colon
-3.01289943517488,2.33658405736163,TGGCCTTCATAGTCCA-3,Spleen
-6.03863512562942,2.64752910694972,GCACGGTAGAGCGAAA-13,Spleen
1.40580981406119,-4.11982579658522,GCATGATGTCTCAAAC-6,Fat
-4.29946172401092,-0.877260513568844,TGGTCAATCGCTCGGA-13,Spleen
-4.75034484245613,2.05398660846904,TGCCTGTTCATGCTTT-13,Spleen
-0.166787748050979,-2.02045324676637,GTGACATTCGCTTGAA-5,Fat
-7.17485318448278,2.05566212068928,CCGTGAGGTCCGGTAC-8,Spleen
9.85043566459368,0.552937188735495,GGGCCATAGGATGTAT-3,Spleen
-8.23935821493236,0.382876542875372,TCAAGACCAAAGCTTC-8,Spleen
-0.777900429129146,6.04305405661512,GTGGCGTCAACTAGAA-5,Fat
1.4626591899437,-1.79973657171987,GGCGAAAGTATCTGCA-12,Fat
0.903061561414975,-2.74871797876055,GCCAGCAGTCTCGGGT-5,Fat
-1.29983093613531,5.297641191429,GTTCAAGGTTGCAGAG-1,Spleen
3.21627096476209,-2.97355180497892,CCGCATTCACTGCTTC-6,Fat
-3.90867982440827,-4.90331946618609,CCTTGGTGTTTCCTAT-4,Colon
4.42464120066365,2.01806171702914,GCTTGCTAGTCGCCTG-2,Colon
-5.69492451313058,1.85508967057918,GAGCATTAGGCTAAAT-13,Spleen
-2.39444203350751,5.29186709170687,GAAAGTAAGTACGCGA-1,Spleen
0.571378462845086,-3.80542616191421,CCTTGGTTCACCCTTG-4,Colon
2.76315179722935,-2.51751933308628,CCCGTTATCGACGGAA-6,Fat
-2.74776472561878,7.14954316323331,ATGTACGGTACGTAAA-1,Spleen
-2.22288066806271,4.43019390756675,GCAAAGGGTTATAGAG-4,Colon
4.89111310412548,1.24841842950564,CCAATGATCAGTCAAC-2,Colon
4.48888024266098,1.13610551420331,GCCAGACTCCTGAAAC-2,Colon
-3.81449598027502,-2.92074894727732,TCAAAGCGTAATGTAG-11,Fat
8.59917949811887,2.11752596135519,CCAGAATGTAGTCTGT-3,Spleen
-5.33185585332101,-2.46530591073786,CCCTGATCACTGAAGG-4,Colon
-0.233974662659249,0.977624268534279,CCGAAGCAGTGAGCTG-11,Fat
7.98376679952228,-0.67178993741608,GCCAGCAAGAGCGAAA-3,Spleen
-1.22074482491552,5.69196996027566,CTCGCTAGTCGATTAC-1,Spleen
8.44633621285346,0.700648997935214,TTACCGCAGTGAGCAC-3,Spleen
-2.09606132784586,-6.39006644394196,CTGTTCGGTATGTCCA-9,Skin
2.10546867035741,-3.63955721761305,GAAAGTACATTGCCTC-11,Fat
-2.13237277583544,-7.97157697249895,CACCTTGTCCAGAGAG-9,Skin
-1.61758100335538,-8.45781891046502,TATCGAGTCCAACGCG-10,Skin
-6.58591692346845,2.11920649605313,ACCTGCTTCTCCACTG-13,Spleen
8.52652835328857,-0.337521265303798,CCCAGAGAGTAGGTCG-3,Spleen
0.974028705401579,-3.06872520160441,TTTGGTTCAATACTGC-11,Fat
-3.36758275646249,2.6047436614612,TATTGCTCAAGACACG-3,Spleen
-7.03649264612564,-4.19904801588267,TCAAGGTGTATTGTCG-9,Skin
-2.2635578530603,4.94106812812985,TTCTAACAGTAGTCGG-1,Spleen
2.86973536728553,-3.49033489340685,TTGCCCACATGCACTA-6,Fat
-4.1635489582504,0.154752859732772,ATCCTCGGTGCAACAG-8,Spleen
9.00322768869746,-0.205031364248887,TTGGTCCAGGTCGTTT-3,Spleen
-7.3992787207742,0.900326100296721,GTGTCAAGTATACGCT-8,Spleen
-0.861918052052476,5.39687129032774,CACCTGTTCATGTTCT-1,Spleen
-0.206303469414744,-1.25542248550918,CTACAGATCAGGTCTA-11,Fat
0.102104069398936,-5.63891744280139,TACCCTGGTCTAAGAA-4,Colon
-5.80570106671597,1.6961906409715,CGCAGGTCAGATTAAG-13,Spleen
-3.5761793082658,6.73645076016573,AATGGAATCGCGGCAT-1,Spleen
-7.02792163055108,2.71605344433275,CACATGATCGACTTAG-13,Spleen
-2.1449061830453,-8.23734906327941,GGCGAAATCGGGATCC-9,Skin
-6.41334563354199,2.77590094658531,CGTACAACAAGGTTCT-13,Spleen
4.6322239348804,1.78579981483384,AGCCAGCTCTTGTCAT-2,Colon
-2.10007186633274,6.37455068394794,GTCCATCGTTCTTTCA-9,Skin
-3.08374195719205,4.08670270193737,AGGCGAATCAGGAAGC-1,Spleen
9.45071150741914,1.5389286997563,TTGAGCAGTATGGATA-3,Spleen
5.62968556755664,-0.591287992092763,AGTTACGGTCAGAGTG-12,Fat
8.31667921453249,2.95509842876675,CGTTCCAGTACTTCAG-6,Fat
2.65520931460829,-2.77574411321536,AACGAGGGTTTCCGGG-6,Fat
-2.23313800462107,-7.98617695813518,ATCCTGCGTTCATTTC-9,Skin
-1.19216039792829,-4.97570257408922,TCAGGGCAGAGCAGCT-4,Colon
-0.649040858894904,-5.40330857591668,ACCATCCGTCACATTG-4,Colon
-2.4319185371886,-3.33944502207967,TTTACGTGTGAGTTGG-4,Colon
9.65018210856073,2.04516450891781,CCCTGATAGTGGACGT-3,Spleen
-2.37257095861755,6.84103554861815,GCTTTCGAGATCACCT-1,Spleen
-6.23448438035919,-2.07890677860594,CTGCTCAGTTGGACGA-9,Skin
2.64799742504207,-2.68092794863067,TCACAAGCAAATTGAG-6,Fat
5.16997805314138,-3.27732357240998,GTCCATCTCCACGAGC-2,Colon
-0.16125733352999,-1.30217873952614,AGCCTCTAGATCACCT-11,Fat
-2.293595600567,5.35059681234689,TCGCAGGTCTCCTTGG-1,Spleen
-0.423239403878836,-1.99948782183894,AGCCCGAAGTGAAACT-5,Fat
-2.91589914266222,-5.96898905816867,CACGTTCAGGGAGTTC-9,Skin
-0.50278105163804,-4.75782166805767,CGCTATCAGTTGCTTG-4,Colon
-0.356040859194765,-0.425878468839667,AGTGCGCGTTTAGACC-11,Fat
-2.66862737084262,-3.50784112429049,CTTCTAACACTGTCAA-4,Colon
2.8965299646909,-3.66225606824424,GTGTGATTCGAGTTAC-6,Fat
-5.10696950184892,-0.734989969799725,GGAATCTTCCTCAAGA-13,Spleen
-3.68587498117293,-4.59729177069638,TAGGTCATCGTGTGCG-4,Colon
-6.33243959920293,3.22059910231967,ATCCTCGCACCCTTAC-1,Spleen
3.54515808301071,-5.17196694636999,TTCGATTGTTAGGCTT-1,Spleen
-3.31357709861062,-3.64559781411106,GGGAACAGTCTTAGCA-4,Colon
0.642376616231622,-5.52970146239439,AGGCCTGAGGAAACTT-4,Colon
-4.65631384272501,-0.095823759120252,TAACTTCGTCGCTAGC-13,Spleen
-4.07272053518173,-0.159228873641298,CGCACAGTCGGATAGG-13,Spleen
-0.044529474488307,-4.88862083946134,AGCTGTAAGGTTGTGG-4,Colon
-0.017324070500606,3.83612505482941,ATCCAGACACTAGCCG-4,Colon
8.09660935045262,0.2513753570164,TACGCCTCAAGATTAG-3,Spleen
-2.46925851980127,5.6327366180133,TAAGTGCAGGTCCTCG-1,Spleen
-6.59292942904031,2.26641411406203,GTGCTGGAGTGAATAC-13,Spleen
-5.83198822980805,3.03184863538421,GCGATCGTCATCATGG-13,Spleen
-2.71081746785032,3.93809605650771,TGAGTCAGTTACTTTC-1,Spleen
-2.97757062040648,6.20405699926737,CGAGTTAAGTCTGGGA-1,Spleen
-3.77964620966746,-4.53912833942399,CCGTACTTCTATCTTG-4,Colon
-6.20254067335341,2.78177536344591,TTCATCACAGTTACAC-13,Spleen
7.49571922416785,1.48332716670053,ACCGAATAGACGCCAA-6,Fat
-3.53471979088819,-2.68442769207606,TTTGAGGTCCCTATTA-4,Colon
-4.21547945693249,-0.194055786480342,TTCAACTAGAGTAAGG-13,Spleen
1.77488163207567,-2.35048984685252,TGCTTTAGTTGAAGCG-6,Fat
3.61726364112995,-1.94690696380699,AGCGTATCACTGATTG-6,Fat
0.296289863787056,3.9412003783426,TTGAGTGAGCCGCTGT-4,Colon
7.68997196164564,1.67127816096685,AGGCGTCCACTGATAC-6,Fat
0.070245954418729,-1.66658890084383,CTAGCGGTCATTGCCC-11,Fat
5.08838709252127,-4.45010372502014,ACTAACGAGTATACCC-2,Colon
1.70784477661599,-1.7282415511429,AGCCCGACATTCTCGC-6,Fat
-3.26663534935503,-2.8055446708436,ATGTCGAAGTCCCTCT-4,Colon
4.25241162975564,-1.23342112927832,ACTTTCAGTTATCGAC-2,Colon
-4.20687079160991,1.42320525271979,ACAGCGCGTATTGTCG-13,Spleen
-2.18892363609725,-7.21513316520676,CGCGCAATCAGGTCTA-9,Skin
2.86459768826138,-3.52122319449878,GCGCCAAGTTTCAGCA-6,Fat
10.0296221488236,1.74057334149689,TAGCTTTCAAATGTCC-3,Spleen
9.27057444491031,0.230052336461047,AGGCCCATCGCAAGCC-3,Spleen
-0.216103235893845,-0.081330938651415,TTTGAGGTCTTCGTTA-11,Fat
-7.00999441943207,1.3855592961989,ACGGATTGTTGCAGAG-8,Spleen
-3.53128513518923,3.00089540874497,TAGGAGGTCGATGTGT-1,Spleen
0.64681587470238,3.62413325991004,ATAGTCGAGCCAGAAC-4,Colon
-0.018226251208761,-5.37128599145371,TGCTTCGCAACGACAG-4,Colon
-2.93757900186591,-0.530534844878622,TCAAGGTTCCATCATT-11,Fat
4.21539911824821,1.30132143433072,TTGCGAAAGGCAATTA-2,Colon
-6.71024956627192,0.659607589224318,AGCCTCTGTGCTTGAT-8,Spleen
-0.175076442154926,-5.23882156981752,ACCCAAACACGTTACA-4,Colon
0.351632493239265,-4.75613621312886,CGGTGCACACTGCTCT-4,Colon
-0.477583914906711,3.20194697316724,GGTAGGATCCAGTACA-4,Colon
7.07373735717244,1.87549818899255,AGTGCGCCACTGGGCT-6,Fat
-6.6078873908269,-4.42296636174587,ACAATCGTCGGCATAT-9,Skin
-2.74667750400659,5.49138912432211,TGGACATCATTGCCTC-1,Spleen
5.9674351981344,-0.798115087387524,AAATGAGGTCTGGGCT-6,Fat
8.12141581881884,2.95909600310495,CACTAAGCAGCGTCGT-6,Fat
6.52084621244789,0.271311586242628,GTTACTTGTGAATCAA-6,Fat
9.09913949827093,-0.221494285700204,GCGGAAATCACTACCC-3,Spleen
-4.48603129947739,0.344378921050967,TGATTTCCACTCGTGG-8,Spleen
4.55535859633174,0.97736267296035,GGCACGTCATCCTGGG-2,Colon
4.83358125955627,-4.21236719312458,TGAGCCGCAGATTTGC-2,Colon
-2.94030419858053,6.05188555768837,GCGGAAAAGCATTGGG-1,Spleen
-6.4514253085629,0.563939486007741,TTACCGCAGAAAGCAG-8,Spleen
-1.95753370714089,-3.34791026238546,CCGAAGCCATCGCCTT-4,Colon
-4.50789715052853,0.389248972422059,TGCGTAATCGGATAAA-8,Spleen
-3.72027624853214,-0.378832717235624,GCGATCGCAATGGCAG-1,Spleen
0.050368887821003,-1.93486687203208,ACAAACCAGGTTGTGG-5,Fat
-1.38663371791332,6.3495172721554,CAGGATTTCGACGGAA-1,Spleen
-6.35599667359241,-0.801550606391662,GAACTTGAGGCGTAGT-13,Spleen
8.12018285154244,1.09037963691775,AGCCAGCTCGATGTAC-3,Spleen
8.99178267388139,1.95869811078622,ACAGACTAGTAGACCG-3,Spleen
-1.92997681397785,-3.4983526254924,TTCATTGTCGCGATGC-4,Colon
2.38478894507104,-2.73339392516849,TCAGTCCTCGACCCGA-3,Spleen
-5.82585729840314,-1.01561488420052,CCAGAATAGTTCAGGG-8,Spleen
-1.48108614774367,5.14518142570372,CCAGATATCTGAGTCA-1,Spleen
-4.61446434445042,-1.00316629631233,ACCTGCTGTGATGCTT-8,Spleen
-3.60395783250216,-4.27985323738277,TTACGGATCCCAGTAA-4,Colon
7.15856544093018,2.53222349944886,CTCTCAGGTTCCCAAA-6,Fat
-5.27277033726889,-0.84929466960391,ACCGAATCACGTTGTA-5,Fat
0.097158132693043,4.01721130931456,TTCGCGTCAGTTGCAT-4,Colon
0.900896163602634,-2.92837671235415,TTCTAACGTCGCGCTA-11,Fat
-2.19799914379895,-8.08938724186615,CCCTAACCAATTGGCT-9,Skin
-1.54727348891523,-7.85187866585415,TCGCCTAGTAAACCCT-9,Skin
7.60678065232267,1.38832761364244,GCTTAAGTCAGAATGA-6,Fat
-5.93525284085367,-4.79466779194435,AAACTGCGTGCCCAGT-9,Skin
-6.63192043954182,1.62208097846062,CTTGCTGTCTGCTACC-8,Spleen
8.19687795404979,0.641051693738613,TCAGTCCGTGGAAAGA-3,Spleen
-6.41558018187929,-2.58917060197017,GAAACAATCTGGAAGG-13,Spleen
0.211962438980806,-1.99137854733062,ACTACCCAGCGCGTTC-5,Fat
-1.23327583826279,5.22969934388813,ATCCAGAGTATTCTTC-1,Spleen
-2.7370056670915,-5.98681661538714,TATCGAGCATTGATGC-9,Skin
7.75518816596603,3.05826334292516,TAGCACAAGCGTGTTT-6,Fat
-7.76149031669371,1.17013066635992,TCGAGCGAGCTATCCA-8,Spleen
-2.92313343418374,7.27840744449713,TTCATTGGTCACAGTT-1,Spleen
-5.22064792946209,-2.13513918633487,ACTCGGGCAGCAATGG-13,Spleen
-2.29013076009437,5.42596136416893,GGCATTAGTATGGTTC-1,Spleen
3.93929251838907,0.666665114464876,ACAAACCCAGATTAAG-2,Colon
-1.84954129349351,6.09499325147888,TCACAAGAGCATTGGG-1,Spleen
-1.82572020959778,5.06380294491574,ACCGGGTTCTGTCGGG-1,Spleen
5.08039056120093,1.57486459280204,TGATCAGCACTAGGAG-2,Colon
-4.17839688582295,-2.77052355630969,AGATAGAGTTGGCGAA-4,Colon
-6.16060217960989,-4.26090596615888,GCTTGCTAGTCCCTCT-9,Skin
0.386445582325574,2.65508144387666,GTGTGATGTGCTTCCT-4,Colon
9.35001112116895,2.12639539571981,TAGCGGCTCGAGGTAG-3,Spleen
0.389587506280678,3.0880134039424,GAAAGTACAAATGCTC-4,Colon
-1.85312959823221,5.14442078136555,GCTCACTGTGCGTGTC-1,Spleen
-5.8750447677773,0.467677790278372,AAACTGCAGCGCGTTC-13,Spleen
-0.675111041350933,-5.42985822342535,GCCTAGGGTATTCGCA-2,Colon
-6.24942598832057,1.86080694164588,CTCTACGGTCTGTCCT-8,Spleen
5.02328233440009,-4.51307060322589,TCTATTGTCGGTAGGA-2,Colon
0.630228735570592,-5.20406547041973,GCCAGCAGTTGCTTGA-4,Colon
7.58499511736337,1.08210538703326,AGCTGGCAGCTGAATA-3,Spleen
1.49073157885574,-3.83829060430337,ACTAGGTGTGTGACCC-6,Fat
0.174454432074227,-1.74479997904591,ATCCTCGCAAGGTTCT-11,Fat
-2.43636604653794,4.40158522982256,TCACCTGCATCAGAAA-1,Spleen
3.57501154859972,-5.08728091852234,GTTCAAGTCTCTGACC-1,Spleen
-3.77655277084193,0.446123657151732,ACTTTCAAGGCACTAG-13,Spleen
-3.52221249247424,4.46801305400391,ACTTTCATCCTGACCT-1,Spleen
-8.08079735143869,0.430218956438297,CTAACTTAGATCTAAG-8,Spleen
-5.43091822608268,-1.56158991503286,TTGCTTAGTACTTCAG-4,Colon
-6.7726156658918,1.21738735125002,GCTGAGCAGAGTTTGA-8,Spleen
0.294134827591048,3.96644181844067,TGTGACAAGTAGTTCC-4,Colon
-2.56258562655383,7.32587256040156,TTACCGCGTGAGGTCA-1,Spleen
-0.588619842891444,-1.96424539292707,GCGCATGGTAAACGGC-5,Fat
8.39450506792227,0.077502923168615,GTAGACTAGTGAAGGA-3,Spleen
-0.092979129015553,-5.06328545547148,ATTGTGGGTAGGGTCA-4,Colon
-5.0979759597536,1.00210995250093,GGCATTAGTTTAGACC-8,Spleen
